z_mm,y_cut_mm,A_bare_Tight,A_hull_Tight,a_local_Tight,A_bare_Default,A_hull_Default,a_local_Default,A_bare_Wide,A_hull_Wide,a_local_Wide,V_submerged_Tight_cm3,V_submerged_Default_cm3,V_submerged_Wide_cm3
0.00000,-61.19200,0.00000,0.00000,0.00000,0.00000,0.00000,0.00000,0.00000,0.00000,0.00000,0.00000,0.00000,0.00000
0.50000,-60.69200,0.07008,0.12556,0.07008,0.07008,0.17694,0.07008,0.07008,0.21034,0.07008,0.00175,0.00175,0.00175
1.00000,-60.19200,0.14765,0.20860,0.14765,0.14765,0.29246,0.14765,0.14765,0.34647,0.14765,0.00720,0.00720,0.00720
1.50000,-59.69200,0.24071,0.43552,0.24010,0.24071,0.67307,0.24010,0.24071,0.83294,0.24010,0.01689,0.01689,0.01689
2.00000,-59.19200,0.32873,0.53167,0.32222,0.32873,0.82903,0.32222,0.32873,1.02608,0.32222,0.03095,0.03095,0.03095
2.50000,-58.69200,0.39840,0.61813,0.36438,0.39840,0.97109,0.36438,0.39840,1.20337,0.36438,0.04811,0.04811,0.04811
3.00000,-58.19200,0.45402,0.70863,0.32121,0.45402,1.11160,0.32121,0.45402,1.36732,0.32121,0.06525,0.06525,0.06525
3.50000,-57.69200,0.49113,0.74705,0.23995,0.49250,1.19023,0.23995,0.49250,1.47801,0.23995,0.07928,0.07928,0.07928
4.00000,-57.19200,0.52345,0.78353,0.19704,0.52345,1.26616,0.19704,0.52345,1.56978,0.19704,0.09021,0.09021,0.09021
4.50000,-56.69200,0.54633,0.81943,0.14607,0.54734,1.34076,0.14607,0.54734,1.66835,0.14607,0.09878,0.09878,0.09878
5.00000,-56.19200,0.56423,0.84677,0.12102,0.56423,1.38520,0.12102,0.56423,1.72342,0.12102,0.10546,0.10546,0.10546
5.50000,-55.69200,0.57921,0.86980,0.12064,0.57921,1.41844,0.12064,0.57921,1.76310,0.12064,0.11150,0.11150,0.11150
6.00000,-55.19200,0.59420,0.89286,0.12035,0.59420,1.45172,0.12035,0.59420,1.80281,0.12035,0.11753,0.11753,0.11753
6.50000,-54.69200,0.60920,0.91594,0.12008,0.60920,1.48501,0.12008,0.60920,1.84254,0.12008,0.12354,0.12354,0.12354
7.00000,-54.19200,0.62422,0.93905,0.11984,0.62422,1.51834,0.11984,0.62422,1.88229,0.11984,0.12954,0.12954,0.12954
7.50000,-53.69200,0.63925,0.96219,0.11962,0.63925,1.55169,0.11962,0.63925,1.92208,0.11962,0.13552,0.13552,0.13552
8.00000,-53.19200,0.65930,2.23422,0.12443,0.65930,3.08181,0.12443,0.65930,3.60318,0.12443,0.14162,0.14162,0.14162
8.50000,-52.69200,0.93296,2.42520,0.38286,0.93287,3.28771,0.38277,0.93274,3.82148,0.38265,0.15431,0.15430,0.15430
9.00000,-52.19200,1.61414,2.45841,1.04882,1.61351,3.33777,1.04819,1.61270,3.88638,1.04738,0.19010,0.19008,0.19005
9.50000,-51.69200,1.94543,2.47001,1.36603,1.94526,3.35777,1.36586,1.94491,3.91389,1.36551,0.25047,0.25043,0.25037
10.00000,-51.19200,2.01392,2.50126,1.39233,2.01348,3.38954,1.39213,2.01307,3.94619,1.39180,0.31943,0.31938,0.31931
10.50000,-50.69200,2.05588,2.54212,1.12340,2.05544,3.43040,1.12273,2.05503,3.98706,1.12187,0.38232,0.38225,0.38215
11.00000,-50.19200,2.10340,2.58902,0.47259,2.10297,3.47729,0.47246,2.10255,4.03395,0.47229,0.42222,0.42213,0.42200
11.50000,-49.69200,2.15280,2.63864,0.30147,2.15236,3.52692,0.30147,2.15195,4.08357,0.30147,0.44157,0.44148,0.44135
12.00000,-49.19200,2.20212,2.69009,0.29067,2.20169,3.57836,0.29067,2.20127,4.13502,0.29067,0.45638,0.45628,0.45615
12.50000,-48.69200,2.25125,2.74132,0.30364,2.25081,3.62960,0.30364,2.25040,4.18626,0.30364,0.47123,0.47114,0.47101
13.00000,-48.19200,2.30016,2.79293,0.31203,2.29973,3.68120,0.31203,2.29931,4.23786,0.31203,0.48663,0.48653,0.48640
13.50000,-47.69200,2.34887,2.84451,0.32008,2.34844,3.73279,0.32008,2.34802,4.29180,0.32008,0.50243,0.50233,0.50220
14.00000,-47.19200,2.39737,2.89589,0.32778,2.39694,3.78417,0.32778,2.39652,4.35853,0.32778,0.51862,0.51853,0.51840
14.50000,-46.69200,2.44567,2.94707,0.33513,2.44524,3.83535,0.33513,2.44482,4.42612,0.33513,0.53520,0.53510,0.53497
15.00000,-46.19200,2.49376,2.99804,0.34214,2.49333,3.88663,0.34214,2.49291,4.49350,0.34214,0.55213,0.55203,0.55190
15.50000,-45.69200,2.54164,3.04880,0.34881,2.54121,3.94268,0.34881,2.54079,4.56067,0.34881,0.56940,0.56931,0.56918
16.00000,-45.19200,2.58932,3.09935,0.35513,2.58889,4.00256,0.35513,2.58847,4.62764,0.35513,0.58700,0.58691,0.58677
16.50000,-44.69200,2.63679,3.14970,0.36111,2.63636,4.06264,0.36111,2.63594,4.69441,0.36111,0.60491,0.60481,0.60468
17.00000,-44.19200,2.68406,3.19985,0.36674,2.68362,4.12258,0.36674,2.68321,4.76097,0.36674,0.62310,0.62301,0.62288
17.50000,-43.69200,2.73112,3.24978,0.37202,2.73068,4.18231,0.37202,2.73027,4.82732,0.37202,0.64157,0.64148,0.64135
18.00000,-43.19200,2.77797,3.29951,0.37696,2.77753,4.24183,0.37696,2.77712,4.89346,0.37696,0.66030,0.66020,0.66007
18.50000,-42.69200,2.82354,3.34796,0.38049,2.82311,4.30008,0.38049,2.82269,4.95832,0.38049,0.67923,0.67914,0.67901
19.00000,-42.19200,2.86823,3.39553,0.38299,2.86780,4.35745,0.38299,2.86738,5.02231,0.38299,0.69832,0.69823,0.69809
19.50000,-41.69200,2.91292,3.44310,0.38536,2.91249,4.41481,0.38536,2.91207,5.08629,0.38536,0.71753,0.71743,0.71730
20.00000,-41.19200,2.95759,3.49065,0.38756,2.95715,4.47215,0.38756,2.95674,5.15025,0.38756,0.73685,0.73676,0.73663
20.50000,-40.69200,3.00206,3.53654,0.38941,3.00163,4.52553,0.38941,3.00121,5.21037,0.38941,0.75628,0.75618,0.75605
21.00000,-40.19200,3.04635,3.58207,0.39106,3.04592,4.57826,0.39106,3.04550,5.26985,0.39106,0.77579,0.77569,0.77556
21.50000,-39.69200,3.09045,3.62741,0.39256,3.09001,4.63081,0.39256,3.08960,5.32914,0.39256,0.79538,0.79528,0.79515
22.00000,-39.19200,3.13436,3.67257,0.39356,3.13392,4.68319,0.39356,3.13351,5.38823,0.39356,0.81503,0.81494,0.81480
22.50000,-38.69200,3.17808,3.71754,0.39322,3.17765,4.73538,0.39322,3.17723,5.44711,0.39322,0.83470,0.83461,0.83447
23.00000,-38.19200,3.22162,3.76232,0.39287,3.22118,4.78738,0.39287,3.22077,5.50580,0.39287,0.85435,0.85426,0.85413
23.50000,-37.69200,3.26496,3.80691,0.39250,3.26453,4.83920,0.39250,3.26411,5.56429,0.39250,0.87399,0.87389,0.87376
24.00000,-37.19200,3.30812,3.85131,0.39212,3.30769,4.89083,0.39212,3.30727,5.62258,0.39212,0.89360,0.89351,0.89338
24.50000,-36.69200,3.35109,3.89552,0.39173,3.35066,4.94227,0.39173,3.35024,5.68068,0.39173,0.91320,0.91310,0.91297
25.00000,-36.19200,3.39387,3.93955,0.39133,3.39344,4.99352,0.39133,3.39303,5.73860,0.39133,0.93278,0.93268,0.93255
25.50000,-35.69200,3.43647,3.98339,0.39091,3.43604,5.04463,0.39091,3.43562,5.79633,0.39091,0.95233,0.95224,0.95211
26.00000,-35.19200,3.47888,4.02704,0.39047,3.47844,5.09561,0.39047,3.47803,5.85387,0.39047,0.97187,0.97177,0.97164
26.50000,-34.69200,3.52109,4.07050,0.39003,3.52066,5.14642,0.39003,3.52025,5.91121,0.39003,0.99138,0.99128,0.99115
27.00000,-34.19200,3.56313,4.11378,0.38957,3.56269,5.19705,0.38957,3.56228,5.96835,0.38957,1.01087,1.01077,1.01064
27.50000,-33.69200,3.60497,4.15687,0.38910,3.60453,5.24749,0.38910,3.60412,6.02531,0.38910,1.03034,1.03024,1.03011
28.00000,-33.19200,3.64662,4.19976,0.38861,3.64619,5.29774,0.38861,3.64577,6.08210,0.38861,1.04978,1.04968,1.04955
28.50000,-32.69200,3.68809,4.24248,0.38811,3.68765,5.34780,0.38811,3.68724,6.13871,0.38811,1.06920,1.06910,1.06897
29.00000,-32.19200,3.72937,4.28500,0.38759,3.72893,5.39768,0.38759,3.72852,6.19514,0.38759,1.08859,1.08849,1.08836
29.50000,-31.69200,3.77046,4.32733,0.38707,3.77002,5.44736,0.38707,3.76961,6.25138,0.38707,1.10796,1.10786,1.10773
30.00000,-31.19200,3.81136,4.36948,0.38653,3.81093,5.49686,0.38653,3.81051,6.30743,0.38653,1.12730,1.12720,1.12707
30.50000,-30.69200,3.85208,4.41144,0.38597,3.85164,5.54617,0.38597,3.85123,6.36329,0.38597,1.14661,1.14651,1.14638
31.00000,-30.19200,3.89260,4.45321,0.38540,3.89217,5.59530,0.38540,3.89175,6.41896,0.38540,1.16589,1.16580,1.16567
31.50000,-29.69200,3.93294,4.49479,0.38482,3.93251,5.64423,0.38482,3.93209,6.47445,0.38482,1.18515,1.18505,1.18492
32.00000,-29.19200,3.97309,4.53619,0.38423,3.97266,5.69298,0.38423,3.97224,6.52984,0.38423,1.20437,1.20428,1.20415
32.50000,-28.69200,4.01305,4.57739,0.38362,4.01262,5.74154,0.38362,4.01220,6.58509,0.38362,1.22357,1.22348,1.22334
33.00000,-28.19200,4.05283,4.61841,0.38299,4.05239,5.78991,0.38299,4.05198,6.64015,0.38299,1.24274,1.24264,1.24251
33.50000,-27.69200,4.09242,4.65924,0.38236,4.09198,5.83809,0.38236,4.09157,6.69503,0.38236,1.26187,1.26177,1.26164
34.00000,-27.19200,4.13181,4.69989,0.38171,4.13138,5.88609,0.38171,4.13096,6.74971,0.38171,1.28097,1.28088,1.28074
34.50000,-26.69200,4.17102,4.74034,0.38105,4.17059,5.93390,0.38105,4.17018,6.80421,0.38105,1.30004,1.29995,1.29981
35.00000,-26.19200,4.21005,4.78061,0.38037,4.20961,5.98152,0.38037,4.20920,6.85852,0.38037,1.31908,1.31898,1.31885
35.50000,-25.69200,4.24888,4.82069,0.37968,4.24845,6.02895,0.37968,4.24803,6.91264,0.37968,1.33808,1.33798,1.33785
36.00000,-25.19200,4.28753,4.86058,0.37897,4.28709,6.07619,0.37897,4.28668,6.96657,0.37897,1.35704,1.35695,1.35682
36.50000,-24.69200,4.32599,4.90028,0.37826,4.32555,6.12325,0.37826,4.32514,7.02032,0.37826,1.37597,1.37588,1.37575
37.00000,-24.19200,4.36426,4.93980,0.37753,4.36382,6.17011,0.37753,4.36341,7.07388,0.37753,1.39487,1.39477,1.39464
37.50000,-23.69200,4.40234,4.97912,0.37678,4.40191,6.21679,0.37678,4.40149,7.12725,0.37678,1.41373,1.41363,1.41350
38.00000,-23.19200,4.44023,5.01826,0.37602,4.43980,6.26328,0.37602,4.43939,7.18043,0.37602,1.43255,1.43245,1.43232
38.50000,-22.69200,4.47794,5.05721,0.37525,4.47751,6.30959,0.37525,4.47709,7.23342,0.37525,1.45133,1.45123,1.45110
39.00000,-22.19200,4.51546,5.09598,0.37447,4.51503,6.35570,0.37447,4.51461,7.28623,0.37447,1.47007,1.46998,1.46984
39.50000,-21.69200,4.55279,5.13455,0.37367,4.55236,6.40163,0.37367,4.55194,7.33884,0.37367,1.48877,1.48868,1.48855
40.00000,-21.19200,4.58993,5.17294,0.34886,4.58950,6.44737,0.34886,4.58908,7.39127,0.34886,1.50684,1.50674,1.50661
42.00000,-19.19200,4.73662,5.32461,0.34547,4.73619,6.62845,0.34547,4.73577,7.59911,0.34547,1.57627,1.57618,1.57604
44.00000,-17.19200,4.88031,5.47326,0.34187,4.87987,6.80652,0.34187,4.87946,7.80394,0.34187,1.64500,1.64491,1.64478
46.00000,-15.19200,5.02098,5.61892,0.33805,5.02055,6.98158,0.33805,5.02013,8.00576,0.33805,1.71300,1.71290,1.71277
48.00000,-13.19200,5.12964,5.76156,0.33401,5.15821,7.15363,0.33401,5.15780,8.20462,0.33401,1.78020,1.78011,1.77998
50.00000,-11.19200,5.29330,5.90119,0.32976,5.29287,7.32267,0.32976,5.29246,8.40093,0.32976,1.84658,1.84649,1.84635
52.00000,-9.19200,5.42495,6.03782,0.32529,5.42444,7.48871,0.32529,5.42402,8.59424,0.32529,1.91208,1.91199,1.91186
54.00000,-7.19200,5.55360,6.17144,0.32060,5.55248,7.65174,0.32060,5.55275,8.78454,0.32060,1.97667,1.97658,1.97645
56.00000,-5.19200,5.67386,6.30205,0.31569,5.67343,7.81176,0.31569,5.67838,8.97183,0.31569,2.04030,2.04021,2.04008
58.00000,-3.19200,5.80186,6.42966,0.31057,5.79524,7.96877,0.31057,5.79971,9.15611,0.31057,2.10293,2.10283,2.10270
60.00000,-1.19200,6.71462,12.74396,1.09950,6.71418,14.59011,1.09950,6.71377,15.72801,1.09950,2.24394,2.24384,2.24371
62.00000,0.80800,6.71462,12.74396,1.00600,6.71418,14.59011,1.00600,6.71377,15.72801,1.00600,2.45449,2.45439,2.45426
64.00000,2.80800,6.71462,12.74396,1.00000,6.71418,14.59011,1.00000,6.71377,15.72801,1.00000,2.65509,2.65499,2.65486
66.00000,4.80800,6.71462,12.74396,0.68048,6.71418,14.59011,0.68048,6.71377,15.72801,0.68048,2.82313,2.82304,2.82291
68.00000,6.80800,6.71462,12.74396,0.63568,6.71418,14.59011,0.63568,6.71377,15.72801,0.63568,2.95475,2.95466,2.95452
70.00000,8.80800,6.71462,12.74396,1.00000,6.71418,14.59011,1.00000,6.71377,15.72801,1.00000,3.11832,3.11822,3.11809
72.00000,10.80800,6.71462,12.74396,1.00000,6.71418,14.59011,1.00000,6.71377,15.72801,1.00000,3.31832,3.31822,3.31809
74.00000,12.80800,6.71462,12.74396,1.00000,6.71418,14.59011,1.00000,6.71377,15.72801,1.00000,3.51832,3.51822,3.51809
